start hour,end hour,t+0,t+1,t+2,t+3,t+4,t+5,t+6,t+7,t+8,t+9,t+10,t+11,t+12,t+13,t+14,t+15,t+16,t+17,t+18,t+19,t+20,t+21,t+22,t+23
0,23,0.9943181818181819,0.682765151680524,0.8428030303777143,0.8112571026935769,0.926787405285151,0.7040127839258701,0.2539062500900213,0.2510357481406875,0.407670454344107,0.0775923293684504,0.33931107929200777,0.009854403476794338,0.030539772715269864,0.020537405296695344,0.15859769571696147,0.12171519886888738,0.10700757573623765,0.06699810606193968,0.11088423295810879,0.7114997626716055,0.2363873102893208,0.22913707404649153,0.6042258525071569,0.8717546559277309
2,25,0.8428030303777143,0.8112571026935769,0.926787405285151,0.7040127839258701,0.2539062500900213,0.2510357481406875,0.407670454344107,0.0775923293684504,0.33931107929200777,0.009854403476794338,0.030539772715269864,0.020537405296695344,0.15859769571696147,0.12171519886888738,0.10700757573623765,0.06699810606193968,0.11088423295810879,0.7114997626716055,0.2363873102893208,0.22913707404649153,0.6042258525071569,0.8717546559277309,0.8600852272727273,0.4475023675396459
4,27,0.926787405285151,0.7040127839258701,0.2539062500900213,0.2510357481406875,0.407670454344107,0.0775923293684504,0.33931107929200777,0.009854403476794338,0.030539772715269864,0.020537405296695344,0.15859769571696147,0.12171519886888738,0.10700757573623765,0.06699810606193968,0.11088423295810879,0.7114997626716055,0.2363873102893208,0.22913707404649153,0.6042258525071569,0.8717546559277309,0.8600852272727273,0.4475023675396459,0.36582623171325834,0.32972301122185343
6,29,0.2539062500900213,0.2510357481406875,0.407670454344107,0.0775923293684504,0.33931107929200777,0.009854403476794338,0.030539772715269864,0.020537405296695344,0.15859769571696147,0.12171519886888738,0.10700757573623765,0.06699810606193968,0.11088423295810879,0.7114997626716055,0.2363873102893208,0.22913707404649153,0.6042258525071569,0.8717546559277309,0.8600852272727273,0.4475023675396459,0.36582623171325834,0.32972301122185343,0.17968749990097765,0.04578006644097521
8,31,0.407670454344107,0.0775923293684504,0.33931107929200777,0.009854403476794338,0.030539772715269864,0.020537405296695344,0.15859769571696147,0.12171519886888738,0.10700757573623765,0.06699810606193968,0.11088423295810879,0.7114997626716055,0.2363873102893208,0.22913707404649153,0.6042258525071569,0.8717546559277309,0.8600852272727273,0.4475023675396459,0.36582623171325834,0.32972301122185343,0.17968749990097765,0.04578006644097521,0.4408735797528782,0.1455817942574238
10,33,0.33931107929200777,0.009854403476794338,0.030539772715269864,0.020537405296695344,0.15859769571696147,0.12171519886888738,0.10700757573623765,0.06699810606193968,0.11088423295810879,0.7114997626716055,0.2363873102893208,0.22913707404649153,0.6042258525071569,0.8717546559277309,0.8600852272727273,0.4475023675396459,0.36582623171325834,0.32972301122185343,0.17968749990097765,0.04578006644097521,0.4408735797528782,0.1455817942574238,0.05650252524630173,0.07310901863619212
12,35,0.030539772715269864,0.020537405296695344,0.15859769571696147,0.12171519886888738,0.10700757573623765,0.06699810606193968,0.11088423295810879,0.7114997626716055,0.2363873102893208,0.22913707404649153,0.6042258525071569,0.8717546559277309,0.8600852272727273,0.4475023675396459,0.36582623171325834,0.32972301122185343,0.17968749990097765,0.04578006644097521,0.4408735797528782,0.1455817942574238,0.05650252524630173,0.07310901863619212,0.3256687966665728,0.020300662856282514
14,37,0.15859769571696147,0.12171519886888738,0.10700757573623765,0.06699810606193968,0.11088423295810879,0.7114997626716055,0.2363873102893208,0.22913707404649153,0.6042258525071569,0.8717546559277309,0.8600852272727273,0.4475023675396459,0.36582623171325834,0.32972301122185343,0.17968749990097765,0.04578006644097521,0.4408735797528782,0.1455817942574238,0.05650252524630173,0.07310901863619212,0.3256687966665728,0.020300662856282514,0.009765624950488383,0.042613636363636354
16,39,0.10700757573623765,0.06699810606193968,0.11088423295810879,0.7114997626716055,0.2363873102893208,0.22913707404649153,0.6042258525071569,0.8717546559277309,0.8600852272727273,0.4475023675396459,0.36582623171325834,0.32972301122185343,0.17968749990097765,0.04578006644097521,0.4408735797528782,0.1455817942574238,0.05650252524630173,0.07310901863619212,0.3256687966665728,0.020300662856282514,0.009765624950488383,0.042613636363636354,0.042613636363636354,0.25887784586926377
18,41,0.11088423295810879,0.7114997626716055,0.2363873102893208,0.22913707404649153,0.6042258525071569,0.8717546559277309,0.8600852272727273,0.4475023675396459,0.36582623171325834,0.32972301122185343,0.17968749990097765,0.04578006644097521,0.4408735797528782,0.1455817942574238,0.05650252524630173,0.07310901863619212,0.3256687966665728,0.020300662856282514,0.009765624950488383,0.042613636363636354,0.042613636363636354,0.25887784586926377,0.1568418531709237,0.3561049982497331
20,43,0.2363873102893208,0.22913707404649153,0.6042258525071569,0.8717546559277309,0.8600852272727273,0.4475023675396459,0.36582623171325834,0.32972301122185343,0.17968749990097765,0.04578006644097521,0.4408735797528782,0.1455817942574238,0.05650252524630173,0.07310901863619212,0.3256687966665728,0.020300662856282514,0.009765624950488383,0.042613636363636354,0.042613636363636354,0.25887784586926377,0.1568418531709237,0.3561049982497331,0.08354048532585723,0.13415897213465788
22,45,0.6042258525071569,0.8717546559277309,0.8600852272727273,0.4475023675396459,0.36582623171325834,0.32972301122185343,0.17968749990097765,0.04578006644097521,0.4408735797528782,0.1455817942574238,0.05650252524630173,0.07310901863619212,0.3256687966665728,0.020300662856282514,0.009765624950488383,0.042613636363636354,0.042613636363636354,0.25887784586926377,0.1568418531709237,0.3561049982497331,0.08354048532585723,0.13415897213465788,0.11588541681370157,0.0808771307500844
24,47,0.8600852272727273,0.4475023675396459,0.36582623171325834,0.32972301122185343,0.17968749990097765,0.04578006644097521,0.4408735797528782,0.1455817942574238,0.05650252524630173,0.07310901863619212,0.3256687966665728,0.020300662856282514,0.009765624950488383,0.042613636363636354,0.042613636363636354,0.25887784586926377,0.1568418531709237,0.3561049982497331,0.08354048532585723,0.13415897213465788,0.11588541681370157,0.0808771307500844,0.21462673619162875,0.48302359601269407
26,49,0.36582623171325834,0.32972301122185343,0.17968749990097765,0.04578006644097521,0.4408735797528782,0.1455817942574238,0.05650252524630173,0.07310901863619212,0.3256687966665728,0.020300662856282514,0.009765624950488383,0.042613636363636354,0.042613636363636354,0.25887784586926377,0.1568418531709237,0.3561049982497331,0.08354048532585723,0.13415897213465788,0.11588541681370157,0.0808771307500844,0.21462673619162875,0.48302359601269407,0.19886363453920541,0.28605883241400387
28,51,0.17968749990097765,0.04578006644097521,0.4408735797528782,0.1455817942574238,0.05650252524630173,0.07310901863619212,0.3256687966665728,0.020300662856282514,0.009765624950488383,0.042613636363636354,0.042613636363636354,0.25887784586926377,0.1568418531709237,0.3561049982497331,0.08354048532585723,0.13415897213465788,0.11588541681370157,0.0808771307500844,0.21462673619162875,0.48302359601269407,0.19886363453920541,0.28605883241400387,0.2758641078485129,0.35329367888481356
30,53,0.4408735797528782,0.1455817942574238,0.05650252524630173,0.07310901863619212,0.3256687966665728,0.020300662856282514,0.009765624950488383,0.042613636363636354,0.042613636363636354,0.25887784586926377,0.1568418531709237,0.3561049982497331,0.08354048532585723,0.13415897213465788,0.11588541681370157,0.0808771307500844,0.21462673619162875,0.48302359601269407,0.19886363453920541,0.28605883241400387,0.2758641078485129,0.35329367888481356,0.1853693227729083,0.30017459731920204
32,55,0.05650252524630173,0.07310901863619212,0.3256687966665728,0.020300662856282514,0.009765624950488383,0.042613636363636354,0.042613636363636354,0.25887784586926377,0.1568418531709237,0.3561049982497331,0.08354048532585723,0.13415897213465788,0.11588541681370157,0.0808771307500844,0.21462673619162875,0.48302359601269407,0.19886363453920541,0.28605883241400387,0.2758641078485129,0.35329367888481356,0.1853693227729083,0.30017459731920204,0.3276811077977586,0.35518761827631473
34,57,0.3256687966665728,0.020300662856282514,0.009765624950488383,0.042613636363636354,0.042613636363636354,0.25887784586926377,0.1568418531709237,0.3561049982497331,0.08354048532585723,0.13415897213465788,0.11588541681370157,0.0808771307500844,0.21462673619162875,0.48302359601269407,0.19886363453920541,0.28605883241400387,0.2758641078485129,0.35329367888481356,0.1853693227729083,0.30017459731920204,0.3276811077977586,0.35518761827631473,0.03740530301830003,0.047407670465048124
36,59,0.009765624950488383,0.042613636363636354,0.042613636363636354,0.25887784586926377,0.1568418531709237,0.3561049982497331,0.08354048532585723,0.13415897213465788,0.11588541681370157,0.0808771307500844,0.21462673619162875,0.48302359601269407,0.19886363453920541,0.28605883241400387,0.2758641078485129,0.35329367888481356,0.1853693227729083,0.30017459731920204,0.3276811077977586,0.35518761827631473,0.03740530301830003,0.047407670465048124,0.043294270792073486,0.24325284324064023
38,61,0.042613636363636354,0.25887784586926377,0.1568418531709237,0.3561049982497331,0.08354048532585723,0.13415897213465788,0.11588541681370157,0.0808771307500844,0.21462673619162875,0.48302359601269407,0.19886363453920541,0.28605883241400387,0.2758641078485129,0.35329367888481356,0.1853693227729083,0.30017459731920204,0.3276811077977586,0.35518761827631473,0.03740530301830003,0.047407670465048124,0.043294270792073486,0.24325284324064023,0.25402462103007806,0.21761955424348134
40,63,0.1568418531709237,0.3561049982497331,0.08354048532585723,0.13415897213465788,0.11588541681370157,0.0808771307500844,0.21462673619162875,0.48302359601269407,0.19886363453920541,0.28605883241400387,0.2758641078485129,0.35329367888481356,0.1853693227729083,0.30017459731920204,0.3276811077977586,0.35518761827631473,0.03740530301830003,0.047407670465048124,0.043294270792073486,0.24325284324064023,0.25402462103007806,0.21761955424348134,0.13459990513699172,0.051580256030501315
42,65,0.08354048532585723,0.13415897213465788,0.11588541681370157,0.0808771307500844,0.21462673619162875,0.48302359601269407,0.19886363453920541,0.28605883241400387,0.2758641078485129,0.35329367888481356,0.1853693227729083,0.30017459731920204,0.3276811077977586,0.35518761827631473,0.03740530301830003,0.047407670465048124,0.043294270792073486,0.24325284324064023,0.25402462103007806,0.21761955424348134,0.13459990513699172,0.051580256030501315,0.015151514863446902,0.14029947844874502
44,67,0.11588541681370157,0.0808771307500844,0.21462673619162875,0.48302359601269407,0.19886363453920541,0.28605883241400387,0.2758641078485129,0.35329367888481356,0.1853693227729083,0.30017459731920204,0.3276811077977586,0.35518761827631473,0.03740530301830003,0.047407670465048124,0.043294270792073486,0.24325284324064023,0.25402462103007806,0.21761955424348134,0.13459990513699172,0.051580256030501315,0.015151514863446902,0.14029947844874502,0.031072443114301906,0.05607836173117131
46,69,0.21462673619162875,0.48302359601269407,0.19886363453920541,0.28605883241400387,0.2758641078485129,0.35329367888481356,0.1853693227729083,0.30017459731920204,0.3276811077977586,0.35518761827631473,0.03740530301830003,0.047407670465048124,0.043294270792073486,0.24325284324064023,0.25402462103007806,0.21761955424348134,0.13459990513699172,0.051580256030501315,0.015151514863446902,0.14029947844874502,0.031072443114301906,0.05607836173117131,0.22543797305724822,0.09974254335293531
48,71,0.19886363453920541,0.28605883241400387,0.2758641078485129,0.35329367888481356,0.1853693227729083,0.30017459731920204,0.3276811077977586,0.35518761827631473,0.03740530301830003,0.047407670465048124,0.043294270792073486,0.24325284324064023,0.25402462103007806,0.21761955424348134,0.13459990513699172,0.051580256030501315,0.015151514863446902,0.14029947844874502,0.031072443114301906,0.05607836173117131,0.22543797305724822,0.09974254335293531,0.28228574925608085,0.4648289551592264
50,73,0.2758641078485129,0.35329367888481356,0.1853693227729083,0.30017459731920204,0.3276811077977586,0.35518761827631473,0.03740530301830003,0.047407670465048124,0.043294270792073486,0.24325284324064023,0.25402462103007806,0.21761955424348134,0.13459990513699172,0.051580256030501315,0.015151514863446902,0.14029947844874502,0.031072443114301906,0.05607836173117131,0.22543797305724822,0.09974254335293531,0.28228574925608085,0.4648289551592264,0.07599431836186077,0.10100023676743008
52,75,0.1853693227729083,0.30017459731920204,0.3276811077977586,0.35518761827631473,0.03740530301830003,0.047407670465048124,0.043294270792073486,0.24325284324064023,0.25402462103007806,0.21761955424348134,0.13459990513699172,0.051580256030501315,0.015151514863446902,0.14029947844874502,0.031072443114301906,0.05607836173117131,0.22543797305724822,0.09974254335293531,0.28228574925608085,0.4648289551592264,0.07599431836186077,0.10100023676743008,0.12600615517299918,0.15247691743621927
54,77,0.3276811077977586,0.35518761827631473,0.03740530301830003,0.047407670465048124,0.043294270792073486,0.24325284324064023,0.25402462103007806,0.21761955424348134,0.13459990513699172,0.051580256030501315,0.015151514863446902,0.14029947844874502,0.031072443114301906,0.05607836173117131,0.22543797305724822,0.09974254335293531,0.28228574925608085,0.4648289551592264,0.07599431836186077,0.10100023676743008,0.12600615517299918,0.15247691743621927,0.4757338986374713,0.506865533033678
56,79,0.03740530301830003,0.047407670465048124,0.043294270792073486,0.24325284324064023,0.25402462103007806,0.21761955424348134,0.13459990513699172,0.051580256030501315,0.015151514863446902,0.14029947844874502,0.031072443114301906,0.05607836173117131,0.22543797305724822,0.09974254335293531,0.28228574925608085,0.4648289551592264,0.07599431836186077,0.10100023676743008,0.12600615517299918,0.15247691743621927,0.4757338986374713,0.506865533033678,0.6390269888329159,0.8522135414881242
58,81,0.043294270792073486,0.24325284324064023,0.25402462103007806,0.21761955424348134,0.13459990513699172,0.051580256030501315,0.015151514863446902,0.14029947844874502,0.031072443114301906,0.05607836173117131,0.22543797305724822,0.09974254335293531,0.28228574925608085,0.4648289551592264,0.07599431836186077,0.10100023676743008,0.12600615517299918,0.15247691743621927,0.4757338986374713,0.506865533033678,0.6390269888329159,0.8522135414881242,0.5466382548511155,0.158647016798646
60,83,0.25402462103007806,0.21761955424348134,0.13459990513699172,0.051580256030501315,0.015151514863446902,0.14029947844874502,0.031072443114301906,0.05607836173117131,0.22543797305724822,0.09974254335293531,0.28228574925608085,0.4648289551592264,0.07599431836186077,0.10100023676743008,0.12600615517299918,0.15247691743621927,0.4757338986374713,0.506865533033678,0.6390269888329159,0.8522135414881242,0.5466382548511155,0.158647016798646,0.6479344161857812,0.06991300364718633
62,85,0.13459990513699172,0.051580256030501315,0.015151514863446902,0.14029947844874502,0.031072443114301906,0.05607836173117131,0.22543797305724822,0.09974254335293531,0.28228574925608085,0.4648289551592264,0.07599431836186077,0.10100023676743008,0.12600615517299918,0.15247691743621927,0.4757338986374713,0.506865533033678,0.6390269888329159,0.8522135414881242,0.5466382548511155,0.158647016798646,0.6479344161857812,0.06991300364718633,0.7075639149069881,0.046016809388031654
64,87,0.015151514863446902,0.14029947844874502,0.031072443114301906,0.05607836173117131,0.22543797305724822,0.09974254335293531,0.28228574925608085,0.4648289551592264,0.07599431836186077,0.10100023676743008,0.12600615517299918,0.15247691743621927,0.4757338986374713,0.506865533033678,0.6390269888329159,0.8522135414881242,0.5466382548511155,0.158647016798646,0.6479344161857812,0.06991300364718633,0.7075639149069881,0.046016809388031654,0.01254734859887563,0.10724431555919756
66,89,0.031072443114301906,0.05607836173117131,0.22543797305724822,0.09974254335293531,0.28228574925608085,0.4648289551592264,0.07599431836186077,0.10100023676743008,0.12600615517299918,0.15247691743621927,0.4757338986374713,0.506865533033678,0.6390269888329159,0.8522135414881242,0.5466382548511155,0.158647016798646,0.6479344161857812,0.06991300364718633,0.7075639149069881,0.046016809388031654,0.01254734859887563,0.10724431555919756,0.35787563157519253,0.1394906089878698
68,91,0.22543797305724822,0.09974254335293531,0.28228574925608085,0.4648289551592264,0.07599431836186077,0.10100023676743008,0.12600615517299918,0.15247691743621927,0.4757338986374713,0.506865533033678,0.6390269888329159,0.8522135414881242,0.5466382548511155,0.158647016798646,0.6479344161857812,0.06991300364718633,0.7075639149069881,0.046016809388031654,0.01254734859887563,0.10724431555919756,0.35787563157519253,0.1394906089878698,0.08854166662265617,0.12674597784911934
70,93,0.28228574925608085,0.4648289551592264,0.07599431836186077,0.10100023676743008,0.12600615517299918,0.15247691743621927,0.4757338986374713,0.506865533033678,0.6390269888329159,0.8522135414881242,0.5466382548511155,0.158647016798646,0.6479344161857812,0.06991300364718633,0.7075639149069881,0.046016809388031654,0.01254734859887563,0.10724431555919756,0.35787563157519253,0.1394906089878698,0.08854166662265617,0.12674597784911934,0.5718513292293956,0.43508818607402144
72,95,0.07599431836186077,0.10100023676743008,0.12600615517299918,0.15247691743621927,0.4757338986374713,0.506865533033678,0.6390269888329159,0.8522135414881242,0.5466382548511155,0.158647016798646,0.6479344161857812,0.06991300364718633,0.7075639149069881,0.046016809388031654,0.01254734859887563,0.10724431555919756,0.35787563157519253,0.1394906089878698,0.08854166662265617,0.12674597784911934,0.5718513292293956,0.43508818607402144,0.28421914481461363,0.13335010355520605
74,97,0.12600615517299918,0.15247691743621927,0.4757338986374713,0.506865533033678,0.6390269888329159,0.8522135414881242,0.5466382548511155,0.158647016798646,0.6479344161857812,0.06991300364718633,0.7075639149069881,0.046016809388031654,0.01254734859887563,0.10724431555919756,0.35787563157519253,0.1394906089878698,0.08854166662265617,0.12674597784911934,0.5718513292293956,0.43508818607402144,0.28421914481461363,0.13335010355520605,0.24715908864054925,0.5622336632130995
76,99,0.4757338986374713,0.506865533033678,0.6390269888329159,0.8522135414881242,0.5466382548511155,0.158647016798646,0.6479344161857812,0.06991300364718633,0.7075639149069881,0.046016809388031654,0.01254734859887563,0.10724431555919756,0.35787563157519253,0.1394906089878698,0.08854166662265617,0.12674597784911934,0.5718513292293956,0.43508818607402144,0.28421914481461363,0.13335010355520605,0.24715908864054925,0.5622336632130995,0.19466145961614378,0.0568477746264634
78,101,0.6390269888329159,0.8522135414881242,0.5466382548511155,0.158647016798646,0.6479344161857812,0.06991300364718633,0.7075639149069881,0.046016809388031654,0.01254734859887563,0.10724431555919756,0.35787563157519253,0.1394906089878698,0.08854166662265617,0.12674597784911934,0.5718513292293956,0.43508818607402144,0.28421914481461363,0.13335010355520605,0.24715908864054925,0.5622336632130995,0.19466145961614378,0.0568477746264634,0.05172822017407808,0.31679095751289577
80,103,0.5466382548511155,0.158647016798646,0.6479344161857812,0.06991300364718633,0.7075639149069881,0.046016809388031654,0.01254734859887563,0.10724431555919756,0.35787563157519253,0.1394906089878698,0.08854166662265617,0.12674597784911934,0.5718513292293956,0.43508818607402144,0.28421914481461363,0.13335010355520605,0.24715908864054925,0.5622336632130995,0.19466145961614378,0.0568477746264634,0.05172822017407808,0.31679095751289577,0.271839484193807,0.11162405320134328
82,105,0.6479344161857812,0.06991300364718633,0.7075639149069881,0.046016809388031654,0.01254734859887563,0.10724431555919756,0.35787563157519253,0.1394906089878698,0.08854166662265617,0.12674597784911934,0.5718513292293956,0.43508818607402144,0.28421914481461363,0.13335010355520605,0.24715908864054925,0.5622336632130995,0.19466145961614378,0.0568477746264634,0.05172822017407808,0.31679095751289577,0.271839484193807,0.11162405320134328,0.14997632857573917,0.4375443865948654
84,107,0.7075639149069881,0.046016809388031654,0.01254734859887563,0.10724431555919756,0.35787563157519253,0.1394906089878698,0.08854166662265617,0.12674597784911934,0.5718513292293956,0.43508818607402144,0.28421914481461363,0.13335010355520605,0.24715908864054925,0.5622336632130995,0.19466145961614378,0.0568477746264634,0.05172822017407808,0.31679095751289577,0.271839484193807,0.11162405320134328,0.14997632857573917,0.4375443865948654,0.26710464202246076,0.16702177810951024
86,109,0.01254734859887563,0.10724431555919756,0.35787563157519253,0.1394906089878698,0.08854166662265617,0.12674597784911934,0.5718513292293956,0.43508818607402144,0.28421914481461363,0.13335010355520605,0.24715908864054925,0.5622336632130995,0.19466145961614378,0.0568477746264634,0.05172822017407808,0.31679095751289577,0.271839484193807,0.11162405320134328,0.14997632857573917,0.4375443865948654,0.26710464202246076,0.16702177810951024,0.4364346618425541,0.08312618381939685
88,111,0.35787563157519253,0.1394906089878698,0.08854166662265617,0.12674597784911934,0.5718513292293956,0.43508818607402144,0.28421914481461363,0.13335010355520605,0.24715908864054925,0.5622336632130995,0.19466145961614378,0.0568477746264634,0.05172822017407808,0.31679095751289577,0.271839484193807,0.11162405320134328,0.14997632857573917,0.4375443865948654,0.26710464202246076,0.16702177810951024,0.4364346618425541,0.08312618381939685,0.05288233901890249,0.0625
90,113,0.08854166662265617,0.12674597784911934,0.5718513292293956,0.43508818607402144,0.28421914481461363,0.13335010355520605,0.24715908864054925,0.5622336632130995,0.19466145961614378,0.0568477746264634,0.05172822017407808,0.31679095751289577,0.271839484193807,0.11162405320134328,0.14997632857573917,0.4375443865948654,0.26710464202246076,0.16702177810951024,0.4364346618425541,0.08312618381939685,0.05288233901890249,0.0625,0.0625,0.0625
92,115,0.5718513292293956,0.43508818607402144,0.28421914481461363,0.13335010355520605,0.24715908864054925,0.5622336632130995,0.19466145961614378,0.0568477746264634,0.05172822017407808,0.31679095751289577,0.271839484193807,0.11162405320134328,0.14997632857573917,0.4375443865948654,0.26710464202246076,0.16702177810951024,0.4364346618425541,0.08312618381939685,0.05288233901890249,0.0625,0.0625,0.0625,0.3277698889372447,0.5137310601119449
94,117,0.28421914481461363,0.13335010355520605,0.24715908864054925,0.5622336632130995,0.19466145961614378,0.0568477746264634,0.05172822017407808,0.31679095751289577,0.271839484193807,0.11162405320134328,0.14997632857573917,0.4375443865948654,0.26710464202246076,0.16702177810951024,0.4364346618425541,0.08312618381939685,0.05288233901890249,0.0625,0.0625,0.0625,0.3277698889372447,0.5137310601119449,0.4151673003943699,0.17844460415467123
96,119,0.24715908864054925,0.5622336632130995,0.19466145961614378,0.0568477746264634,0.05172822017407808,0.31679095751289577,0.271839484193807,0.11162405320134328,0.14997632857573917,0.4375443865948654,0.26710464202246076,0.16702177810951024,0.4364346618425541,0.08312618381939685,0.05288233901890249,0.0625,0.0625,0.0625,0.3277698889372447,0.5137310601119449,0.4151673003943699,0.17844460415467123,0.1698626876037137,0.48393702543159645
98,121,0.19466145961614378,0.0568477746264634,0.05172822017407808,0.31679095751289577,0.271839484193807,0.11162405320134328,0.14997632857573917,0.4375443865948654,0.26710464202246076,0.16702177810951024,0.4364346618425541,0.08312618381939685,0.05288233901890249,0.0625,0.0625,0.0625,0.3277698889372447,0.5137310601119449,0.4151673003943699,0.17844460415467123,0.1698626876037137,0.48393702543159645,0.7980113632594792,0.6591205013950736
100,123,0.05172822017407808,0.31679095751289577,0.271839484193807,0.11162405320134328,0.14997632857573917,0.4375443865948654,0.26710464202246076,0.16702177810951024,0.4364346618425541,0.08312618381939685,0.05288233901890249,0.0625,0.0625,0.0625,0.3277698889372447,0.5137310601119449,0.4151673003943699,0.17844460415467123,0.1698626876037137,0.48393702543159645,0.7980113632594792,0.6591205013950736,0.18400804767455714,0.6491921122721462
102,125,0.271839484193807,0.11162405320134328,0.14997632857573917,0.4375443865948654,0.26710464202246076,0.16702177810951024,0.4364346618425541,0.08312618381939685,0.05288233901890249,0.0625,0.0625,0.0625,0.3277698889372447,0.5137310601119449,0.4151673003943699,0.17844460415467123,0.1698626876037137,0.48393702543159645,0.7980113632594792,0.6591205013950736,0.18400804767455714,0.6491921122721462,0.019255050609075064,0.032591540538072006
104,127,0.14997632857573917,0.4375443865948654,0.26710464202246076,0.16702177810951024,0.4364346618425541,0.08312618381939685,0.05288233901890249,0.0625,0.0625,0.0625,0.3277698889372447,0.5137310601119449,0.4151673003943699,0.17844460415467123,0.1698626876037137,0.48393702543159645,0.7980113632594792,0.6591205013950736,0.18400804767455714,0.6491921122721462,0.019255050609075064,0.032591540538072006,0.04715909104352278,0.06316287882308691
106,129,0.26710464202246076,0.16702177810951024,0.4364346618425541,0.08312618381939685,0.05288233901890249,0.0625,0.0625,0.0625,0.3277698889372447,0.5137310601119449,0.4151673003943699,0.17844460415467123,0.1698626876037137,0.48393702543159645,0.7980113632594792,0.6591205013950736,0.18400804767455714,0.6491921122721462,0.019255050609075064,0.032591540538072006,0.04715909104352278,0.06316287882308691,0.07916666660265137,0.07124467340685547
108,131,0.4364346618425541,0.08312618381939685,0.05288233901890249,0.0625,0.0625,0.0625,0.3277698889372447,0.5137310601119449,0.4151673003943699,0.17844460415467123,0.1698626876037137,0.48393702543159645,0.7980113632594792,0.6591205013950736,0.18400804767455714,0.6491921122721462,0.019255050609075064,0.032591540538072006,0.04715909104352278,0.06316287882308691,0.07916666660265137,0.07124467340685547,0.18786497719062178,0.45209418390887524
110,133,0.05288233901890249,0.0625,0.0625,0.0625,0.3277698889372447,0.5137310601119449,0.4151673003943699,0.17844460415467123,0.1698626876037137,0.48393702543159645,0.7980113632594792,0.6591205013950736,0.18400804767455714,0.6491921122721462,0.019255050609075064,0.032591540538072006,0.04715909104352278,0.06316287882308691,0.07916666660265137,0.07124467340685547,0.18786497719062178,0.45209418390887524,0.7163233906271289,0.9202178009238118
112,135,0.0625,0.0625,0.3277698889372447,0.5137310601119449,0.4151673003943699,0.17844460415467123,0.1698626876037137,0.48393702543159645,0.7980113632594792,0.6591205013950736,0.18400804767455714,0.6491921122721462,0.019255050609075064,0.032591540538072006,0.04715909104352278,0.06316287882308691,0.07916666660265137,0.07124467340685547,0.18786497719062178,0.45209418390887524,0.7163233906271289,0.9202178009238118,0.40009469369292416,0.7857111134247587
114,137,0.3277698889372447,0.5137310601119449,0.4151673003943699,0.17844460415467123,0.1698626876037137,0.48393702543159645,0.7980113632594792,0.6591205013950736,0.18400804767455714,0.6491921122721462,0.019255050609075064,0.032591540538072006,0.04715909104352278,0.06316287882308691,0.07916666660265137,0.07124467340685547,0.18786497719062178,0.45209418390887524,0.7163233906271289,0.9202178009238118,0.40009469369292416,0.7857111134247587,0.4318773687334283,0.18557645997193317
116,139,0.4151673003943699,0.17844460415467123,0.1698626876037137,0.48393702543159645,0.7980113632594792,0.6591205013950736,0.18400804767455714,0.6491921122721462,0.019255050609075064,0.032591540538072006,0.04715909104352278,0.06316287882308691,0.07916666660265137,0.07124467340685547,0.18786497719062178,0.45209418390887524,0.7163233906271289,0.9202178009238118,0.40009469369292416,0.7857111134247587,0.4318773687334283,0.18557645997193317,0.9007457324143942,0.4180476675392293
118,141,0.1698626876037137,0.48393702543159645,0.7980113632594792,0.6591205013950736,0.18400804767455714,0.6491921122721462,0.019255050609075064,0.032591540538072006,0.04715909104352278,0.06316287882308691,0.07916666660265137,0.07124467340685547,0.18786497719062178,0.45209418390887524,0.7163233906271289,0.9202178009238118,0.40009469369292416,0.7857111134247587,0.4318773687334283,0.18557645997193317,0.9007457324143942,0.4180476675392293,0.12215908939672615,0.4822443174796527
120,143,0.7980113632594792,0.6591205013950736,0.18400804767455714,0.6491921122721462,0.019255050609075064,0.032591540538072006,0.04715909104352278,0.06316287882308691,0.07916666660265137,0.07124467340685547,0.18786497719062178,0.45209418390887524,0.7163233906271289,0.9202178009238118,0.40009469369292416,0.7857111134247587,0.4318773687334283,0.18557645997193317,0.9007457324143942,0.4180476675392293,0.12215908939672615,0.4822443174796527,0.07179213984393362,0.05306976008400599
122,145,0.18400804767455714,0.6491921122721462,0.019255050609075064,0.032591540538072006,0.04715909104352278,0.06316287882308691,0.07916666660265137,0.07124467340685547,0.18786497719062178,0.45209418390887524,0.7163233906271289,0.9202178009238118,0.40009469369292416,0.7857111134247587,0.4318773687334283,0.18557645997193317,0.9007457324143942,0.4180476675392293,0.12215908939672615,0.4822443174796527,0.07179213984393362,0.05306976008400599,0.10227272818494315,0.29231770967314574
124,147,0.019255050609075064,0.032591540538072006,0.04715909104352278,0.06316287882308691,0.07916666660265137,0.07124467340685547,0.18786497719062178,0.45209418390887524,0.7163233906271289,0.9202178009238118,0.40009469369292416,0.7857111134247587,0.4318773687334283,0.18557645997193317,0.9007457324143942,0.4180476675392293,0.12215908939672615,0.4822443174796527,0.07179213984393362,0.05306976008400599,0.10227272818494315,0.29231770967314574,0.4688289150110605,0.6355350379496356
126,149,0.04715909104352278,0.06316287882308691,0.07916666660265137,0.07124467340685547,0.18786497719062178,0.45209418390887524,0.7163233906271289,0.9202178009238118,0.40009469369292416,0.7857111134247587,0.4318773687334283,0.18557645997193317,0.9007457324143942,0.4180476675392293,0.12215908939672615,0.4822443174796527,0.07179213984393362,0.05306976008400599,0.10227272818494315,0.29231770967314574,0.4688289150110605,0.6355350379496356,0.8022411608882067,0.9389105903440436
128,151,0.07916666660265137,0.07124467340685547,0.18786497719062178,0.45209418390887524,0.7163233906271289,0.9202178009238118,0.40009469369292416,0.7857111134247587,0.4318773687334283,0.18557645997193317,0.9007457324143942,0.4180476675392293,0.12215908939672615,0.4822443174796527,0.07179213984393362,0.05306976008400599,0.10227272818494315,0.29231770967314574,0.4688289150110605,0.6355350379496356,0.8022411608882067,0.9389105903440436,0.9305752841384205,0.6837811728745371
130,153,0.18786497719062178,0.45209418390887524,0.7163233906271289,0.9202178009238118,0.40009469369292416,0.7857111134247587,0.4318773687334283,0.18557645997193317,0.9007457324143942,0.4180476675392293,0.12215908939672615,0.4822443174796527,0.07179213984393362,0.05306976008400599,0.10227272818494315,0.29231770967314574,0.4688289150110605,0.6355350379496356,0.8022411608882067,0.9389105903440436,0.9305752841384205,0.6837811728745371,0.16532512688478085,0.042613636363636354
132,155,0.7163233906271289,0.9202178009238118,0.40009469369292416,0.7857111134247587,0.4318773687334283,0.18557645997193317,0.9007457324143942,0.4180476675392293,0.12215908939672615,0.4822443174796527,0.07179213984393362,0.05306976008400599,0.10227272818494315,0.29231770967314574,0.4688289150110605,0.6355350379496356,0.8022411608882067,0.9389105903440436,0.9305752841384205,0.6837811728745371,0.16532512688478085,0.042613636363636354,0.408558238289783,0.2347597050793242
134,157,0.40009469369292416,0.7857111134247587,0.4318773687334283,0.18557645997193317,0.9007457324143942,0.4180476675392293,0.12215908939672615,0.4822443174796527,0.07179213984393362,0.05306976008400599,0.10227272818494315,0.29231770967314574,0.4688289150110605,0.6355350379496356,0.8022411608882067,0.9389105903440436,0.9305752841384205,0.6837811728745371,0.16532512688478085,0.042613636363636354,0.408558238289783,0.2347597050793242,0.3332741533641199,0.9108664778758699
136,159,0.4318773687334283,0.18557645997193317,0.9007457324143942,0.4180476675392293,0.12215908939672615,0.4822443174796527,0.07179213984393362,0.05306976008400599,0.10227272818494315,0.29231770967314574,0.4688289150110605,0.6355350379496356,0.8022411608882067,0.9389105903440436,0.9305752841384205,0.6837811728745371,0.16532512688478085,0.042613636363636354,0.408558238289783,0.2347597050793242,0.3332741533641199,0.9108664778758699,0.5791706106761192,0.037375714940890536
138,161,0.9007457324143942,0.4180476675392293,0.12215908939672615,0.4822443174796527,0.07179213984393362,0.05306976008400599,0.10227272818494315,0.29231770967314574,0.4688289150110605,0.6355350379496356,0.8022411608882067,0.9389105903440436,0.9305752841384205,0.6837811728745371,0.16532512688478085,0.042613636363636354,0.408558238289783,0.2347597050793242,0.3332741533641199,0.9108664778758699,0.5791706106761192,0.037375714940890536,0.7305871157208266,0.29322029237822766
140,163,0.12215908939672615,0.4822443174796527,0.07179213984393362,0.05306976008400599,0.10227272818494315,0.29231770967314574,0.4688289150110605,0.6355350379496356,0.8022411608882067,0.9389105903440436,0.9305752841384205,0.6837811728745371,0.16532512688478085,0.042613636363636354,0.408558238289783,0.2347597050793242,0.3332741533641199,0.9108664778758699,0.5791706106761192,0.037375714940890536,0.7305871157208266,0.29322029237822766,0.7207031261027588,0.3122731220272361
142,165,0.07179213984393362,0.05306976008400599,0.10227272818494315,0.29231770967314574,0.4688289150110605,0.6355350379496356,0.8022411608882067,0.9389105903440436,0.9305752841384205,0.6837811728745371,0.16532512688478085,0.042613636363636354,0.408558238289783,0.2347597050793242,0.3332741533641199,0.9108664778758699,0.5791706106761192,0.037375714940890536,0.7305871157208266,0.29322029237822766,0.7207031261027588,0.3122731220272361,0.6928267036542508,0.19770951504022705
144,167,0.10227272818494315,0.29231770967314574,0.4688289150110605,0.6355350379496356,0.8022411608882067,0.9389105903440436,0.9305752841384205,0.6837811728745371,0.16532512688478085,0.042613636363636354,0.408558238289783,0.2347597050793242,0.3332741533641199,0.9108664778758699,0.5791706106761192,0.037375714940890536,0.7305871157208266,0.29322029237822766,0.7207031261027588,0.3122731220272361,0.6928267036542508,0.19770951504022705,0.5261994951175346,0.5528724749755289
146,169,0.4688289150110605,0.6355350379496356,0.8022411608882067,0.9389105903440436,0.9305752841384205,0.6837811728745371,0.16532512688478085,0.042613636363636354,0.408558238289783,0.2347597050793242,0.3332741533641199,0.9108664778758699,0.5791706106761192,0.037375714940890536,0.7305871157208266,0.29322029237822766,0.7207031261027588,0.3122731220272361,0.6928267036542508,0.19770951504022705,0.5261994951175346,0.5528724749755289,0.39240056372575993,0.1859513126504353
148,171,0.8022411608882067,0.9389105903440436,0.9305752841384205,0.6837811728745371,0.16532512688478085,0.042613636363636354,0.408558238289783,0.2347597050793242,0.3332741533641199,0.9108664778758699,0.5791706106761192,0.037375714940890536,0.7305871157208266,0.29322029237822766,0.7207031261027588,0.3122731220272361,0.6928267036542508,0.19770951504022705,0.5261994951175346,0.5528724749755289,0.39240056372575993,0.1859513126504353,0.48435527060921935,0.34721236082547624
150,173,0.9305752841384205,0.6837811728745371,0.16532512688478085,0.042613636363636354,0.408558238289783,0.2347597050793242,0.3332741533641199,0.9108664778758699,0.5791706106761192,0.037375714940890536,0.7305871157208266,0.29322029237822766,0.7207031261027588,0.3122731220272361,0.6928267036542508,0.19770951504022705,0.5261994951175346,0.5528724749755289,0.39240056372575993,0.1859513126504353,0.48435527060921935,0.34721236082547624,0.4315419822462141,0.44987965589858536
152,175,0.16532512688478085,0.042613636363636354,0.408558238289783,0.2347597050793242,0.3332741533641199,0.9108664778758699,0.5791706106761192,0.037375714940890536,0.7305871157208266,0.29322029237822766,0.7207031261027588,0.3122731220272361,0.6928267036542508,0.19770951504022705,0.5261994951175346,0.5528724749755289,0.39240056372575993,0.1859513126504353,0.48435527060921935,0.34721236082547624,0.4315419822462141,0.44987965589858536,0.4682173295509562,0.4692234838282392
154,177,0.408558238289783,0.2347597050793242,0.3332741533641199,0.9108664778758699,0.5791706106761192,0.037375714940890536,0.7305871157208266,0.29322029237822766,0.7207031261027588,0.3122731220272361,0.6928267036542508,0.19770951504022705,0.5261994951175346,0.5528724749755289,0.39240056372575993,0.1859513126504353,0.48435527060921935,0.34721236082547624,0.4315419822462141,0.44987965589858536,0.4682173295509562,0.4692234838282392,0.06912878595833838,0.1776455977309297
156,179,0.3332741533641199,0.9108664778758699,0.5791706106761192,0.037375714940890536,0.7305871157208266,0.29322029237822766,0.7207031261027588,0.3122731220272361,0.6928267036542508,0.19770951504022705,0.5261994951175346,0.5528724749755289,0.39240056372575993,0.1859513126504353,0.48435527060921935,0.34721236082547624,0.4315419822462141,0.44987965589858536,0.4682173295509562,0.4692234838282392,0.06912878595833838,0.1776455977309297,0.25248579294295137,0.011881512274042993
158,181,0.5791706106761192,0.037375714940890536,0.7305871157208266,0.29322029237822766,0.7207031261027588,0.3122731220272361,0.6928267036542508,0.19770951504022705,0.5261994951175346,0.5528724749755289,0.39240056372575993,0.1859513126504353,0.48435527060921935,0.34721236082547624,0.4315419822462141,0.44987965589858536,0.4682173295509562,0.4692234838282392,0.06912878595833838,0.1776455977309297,0.25248579294295137,0.011881512274042993,0.19442471432096653,0.048746744781726914
160,183,0.7305871157208266,0.29322029237822766,0.7207031261027588,0.3122731220272361,0.6928267036542508,0.19770951504022705,0.5261994951175346,0.5528724749755289,0.39240056372575993,0.1859513126504353,0.48435527060921935,0.34721236082547624,0.4315419822462141,0.44987965589858536,0.4682173295509562,0.4692234838282392,0.06912878595833838,0.1776455977309297,0.25248579294295137,0.011881512274042993,0.19442471432096653,0.048746744781726914,0.04999704071257027,0.050803444615213356
162,185,0.7207031261027588,0.3122731220272361,0.6928267036542508,0.19770951504022705,0.5261994951175346,0.5528724749755289,0.39240056372575993,0.1859513126504353,0.48435527060921935,0.34721236082547624,0.4315419822462141,0.44987965589858536,0.4682173295509562,0.4692234838282392,0.06912878595833838,0.1776455977309297,0.25248579294295137,0.011881512274042993,0.19442471432096653,0.048746744781726914,0.04999704071257027,0.050803444615213356,0.047052556822682945,0.043301669030152534
164,187,0.6928267036542508,0.19770951504022705,0.5261994951175346,0.5528724749755289,0.39240056372575993,0.1859513126504353,0.48435527060921935,0.34721236082547624,0.4315419822462141,0.44987965589858536,0.4682173295509562,0.4692234838282392,0.06912878595833838,0.1776455977309297,0.25248579294295137,0.011881512274042993,0.19442471432096653,0.048746744781726914,0.04999704071257027,0.050803444615213356,0.047052556822682945,0.043301669030152534,0.3407315352956959,0.6241023496336882
166,189,0.5261994951175346,0.5528724749755289,0.39240056372575993,0.1859513126504353,0.48435527060921935,0.34721236082547624,0.4315419822462141,0.44987965589858536,0.4682173295509562,0.4692234838282392,0.06912878595833838,0.1776455977309297,0.25248579294295137,0.011881512274042993,0.19442471432096653,0.048746744781726914,0.04999704071257027,0.050803444615213356,0.047052556822682945,0.043301669030152534,0.3407315352956959,0.6241023496336882,0.26235006030964647,0.050337357976050545
168,191,0.39240056372575993,0.1859513126504353,0.48435527060921935,0.34721236082547624,0.4315419822462141,0.44987965589858536,0.4682173295509562,0.4692234838282392,0.06912878595833838,0.1776455977309297,0.25248579294295137,0.011881512274042993,0.19442471432096653,0.048746744781726914,0.04999704071257027,0.050803444615213356,0.047052556822682945,0.043301669030152534,0.3407315352956959,0.6241023496336882,0.26235006030964647,0.050337357976050545,0.0553385416289911,0.47586213965733415
170,193,0.48435527060921935,0.34721236082547624,0.4315419822462141,0.44987965589858536,0.4682173295509562,0.4692234838282392,0.06912878595833838,0.1776455977309297,0.25248579294295137,0.011881512274042993,0.19442471432096653,0.048746744781726914,0.04999704071257027,0.050803444615213356,0.047052556822682945,0.043301669030152534,0.3407315352956959,0.6241023496336882,0.26235006030964647,0.050337357976050545,0.0553385416289911,0.47586213965733415,0.19412878990727012,0.07211174198853754
172,195,0.4315419822462141,0.44987965589858536,0.4682173295509562,0.4692234838282392,0.06912878595833838,0.1776455977309297,0.25248579294295137,0.011881512274042993,0.19442471432096653,0.048746744781726914,0.04999704071257027,0.050803444615213356,0.047052556822682945,0.043301669030152534,0.3407315352956959,0.6241023496336882,0.26235006030964647,0.050337357976050545,0.0553385416289911,0.47586213965733415,0.19412878990727012,0.07211174198853754,0.16013257551991678,0.2481534090513
174,197,0.4682173295509562,0.4692234838282392,0.06912878595833838,0.1776455977309297,0.25248579294295137,0.011881512274042993,0.19442471432096653,0.048746744781726914,0.04999704071257027,0.050803444615213356,0.047052556822682945,0.043301669030152534,0.3407315352956959,0.6241023496336882,0.26235006030964647,0.050337357976050545,0.0553385416289911,0.47586213965733415,0.19412878990727012,0.07211174198853754,0.16013257551991678,0.2481534090513,0.05770596619265522,0.21524325347893125
176,199,0.06912878595833838,0.1776455977309297,0.25248579294295137,0.011881512274042993,0.19442471432096653,0.048746744781726914,0.04999704071257027,0.050803444615213356,0.047052556822682945,0.043301669030152534,0.3407315352956959,0.6241023496336882,0.26235006030964647,0.050337357976050545,0.0553385416289911,0.47586213965733415,0.19412878990727012,0.07211174198853754,0.16013257551991678,0.2481534090513,0.05770596619265522,0.21524325347893125,0.37278054076521383,0.1450935102216102
178,201,0.25248579294295137,0.011881512274042993,0.19442471432096653,0.048746744781726914,0.04999704071257027,0.050803444615213356,0.047052556822682945,0.043301669030152534,0.3407315352956959,0.6241023496336882,0.26235006030964647,0.050337357976050545,0.0553385416289911,0.47586213965733415,0.19412878990727012,0.07211174198853754,0.16013257551991678,0.2481534090513,0.05770596619265522,0.21524325347893125,0.37278054076521383,0.1450935102216102,0.3940340894735561,0.25600141987481084
180,203,0.19442471432096653,0.048746744781726914,0.04999704071257027,0.050803444615213356,0.047052556822682945,0.043301669030152534,0.3407315352956959,0.6241023496336882,0.26235006030964647,0.050337357976050545,0.0553385416289911,0.47586213965733415,0.19412878990727012,0.07211174198853754,0.16013257551991678,0.2481534090513,0.05770596619265522,0.21524325347893125,0.37278054076521383,0.1450935102216102,0.3940340894735561,0.25600141987481084,0.11796875027607134,0.053577768483142774
182,205,0.04999704071257027,0.050803444615213356,0.047052556822682945,0.043301669030152534,0.3407315352956959,0.6241023496336882,0.26235006030964647,0.050337357976050545,0.0553385416289911,0.47586213965733415,0.19412878990727012,0.07211174198853754,0.16013257551991678,0.2481534090513,0.05770596619265522,0.21524325347893125,0.37278054076521383,0.1450935102216102,0.3940340894735561,0.25600141987481084,0.11796875027607134,0.053577768483142774,0.25470525573958214,0.2409520005003043
184,207,0.047052556822682945,0.043301669030152534,0.3407315352956959,0.6241023496336882,0.26235006030964647,0.050337357976050545,0.0553385416289911,0.47586213965733415,0.19412878990727012,0.07211174198853754,0.16013257551991678,0.2481534090513,0.05770596619265522,0.21524325347893125,0.37278054076521383,0.1450935102216102,0.3940340894735561,0.25600141987481084,0.11796875027607134,0.053577768483142774,0.25470525573958214,0.2409520005003043,0.22719874526102646,0.06662819551898602
186,209,0.3407315352956959,0.6241023496336882,0.26235006030964647,0.050337357976050545,0.0553385416289911,0.47586213965733415,0.19412878990727012,0.07211174198853754,0.16013257551991678,0.2481534090513,0.05770596619265522,0.21524325347893125,0.37278054076521383,0.1450935102216102,0.3940340894735561,0.25600141987481084,0.11796875027607134,0.053577768483142774,0.25470525573958214,0.2409520005003043,0.22719874526102646,0.06662819551898602,0.0,0.0
188,211,0.26235006030964647,0.050337357976050545,0.0553385416289911,0.47586213965733415,0.19412878990727012,0.07211174198853754,0.16013257551991678,0.2481534090513,0.05770596619265522,0.21524325347893125,0.37278054076521383,0.1450935102216102,0.3940340894735561,0.25600141987481084,0.11796875027607134,0.053577768483142774,0.25470525573958214,0.2409520005003043,0.22719874526102646,0.06662819551898602,0.0,0.0,0.006510416821702725,0.02318102923294918
190,213,0.0553385416289911,0.47586213965733415,0.19412878990727012,0.07211174198853754,0.16013257551991678,0.2481534090513,0.05770596619265522,0.21524325347893125,0.37278054076521383,0.1450935102216102,0.3940340894735561,0.25600141987481084,0.11796875027607134,0.053577768483142774,0.25470525573958214,0.2409520005003043,0.22719874526102646,0.06662819551898602,0.0,0.0,0.006510416821702725,0.02318102923294918,0.04351325775179837,0.06551846594870026
192,215,0.19412878990727012,0.07211174198853754,0.16013257551991678,0.2481534090513,0.05770596619265522,0.21524325347893125,0.37278054076521383,0.1450935102216102,0.3940340894735561,0.25600141987481084,0.11796875027607134,0.053577768483142774,0.25470525573958214,0.2409520005003043,0.22719874526102646,0.06662819551898602,0.0,0.0,0.006510416821702725,0.02318102923294918,0.04351325775179837,0.06551846594870026,0.08752367414560092,0.6050692450626962
194,217,0.16013257551991678,0.2481534090513,0.05770596619265522,0.21524325347893125,0.37278054076521383,0.1450935102216102,0.3940340894735561,0.25600141987481084,0.11796875027607134,0.053577768483142774,0.25470525573958214,0.2409520005003043,0.22719874526102646,0.06662819551898602,0.0,0.0,0.006510416821702725,0.02318102923294918,0.04351325775179837,0.06551846594870026,0.08752367414560092,0.6050692450626962,0.4640151520512801,0.021431108228659235
196,219,0.05770596619265522,0.21524325347893125,0.37278054076521383,0.1450935102216102,0.3940340894735561,0.25600141987481084,0.11796875027607134,0.053577768483142774,0.25470525573958214,0.2409520005003043,0.22719874526102646,0.06662819551898602,0.0,0.0,0.006510416821702725,0.02318102923294918,0.04351325775179837,0.06551846594870026,0.08752367414560092,0.6050692450626962,0.4640151520512801,0.021431108228659235,0.2824928985887689,0.5435546889488896
198,221,0.37278054076521383,0.1450935102216102,0.3940340894735561,0.25600141987481084,0.11796875027607134,0.053577768483142774,0.25470525573958214,0.2409520005003043,0.22719874526102646,0.06662819551898602,0.0,0.0,0.006510416821702725,0.02318102923294918,0.04351325775179837,0.06551846594870026,0.08752367414560092,0.6050692450626962,0.4640151520512801,0.021431108228659235,0.2824928985887689,0.5435546889488896,0.7445845162555214,0.6433105458572008
200,223,0.3940340894735561,0.25600141987481084,0.11796875027607134,0.053577768483142774,0.25470525573958214,0.2409520005003043,0.22719874526102646,0.06662819551898602,0.0,0.0,0.006510416821702725,0.02318102923294918,0.04351325775179837,0.06551846594870026,0.08752367414560092,0.6050692450626962,0.4640151520512801,0.021431108228659235,0.2824928985887689,0.5435546889488896,0.7445845162555214,0.6433105458572008,0.5420365754588763,0.5278986150376421
202,225,0.11796875027607134,0.053577768483142774,0.25470525573958214,0.2409520005003043,0.22719874526102646,0.06662819551898602,0.0,0.0,0.006510416821702725,0.02318102923294918,0.04351325775179837,0.06551846594870026,0.08752367414560092,0.6050692450626962,0.4640151520512801,0.021431108228659235,0.2824928985887689,0.5435546889488896,0.7445845162555214,0.6433105458572008,0.5420365754588763,0.5278986150376421,0.5241477272847301,0.40838068272920314
204,227,0.25470525573958214,0.2409520005003043,0.22719874526102646,0.06662819551898602,0.0,0.0,0.006510416821702725,0.02318102923294918,0.04351325775179837,0.06551846594870026,0.08752367414560092,0.6050692450626962,0.4640151520512801,0.021431108228659235,0.2824928985887689,0.5435546889488896,0.7445845162555214,0.6433105458572008,0.5420365754588763,0.5278986150376421,0.5241477272847301,0.40838068272920314,0.2243371217090464,0.040293560688889674
206,229,0.22719874526102646,0.06662819551898602,0.0,0.0,0.006510416821702725,0.02318102923294918,0.04351325775179837,0.06551846594870026,0.08752367414560092,0.6050692450626962,0.4640151520512801,0.021431108228659235,0.2824928985887689,0.5435546889488896,0.7445845162555214,0.6433105458572008,0.5420365754588763,0.5278986150376421,0.5241477272847301,0.40838068272920314,0.2243371217090464,0.040293560688889674,0.1582031253645797,0.36075106616121655
208,231,0.0,0.0,0.006510416821702725,0.02318102923294918,0.04351325775179837,0.06551846594870026,0.08752367414560092,0.6050692450626962,0.4640151520512801,0.021431108228659235,0.2824928985887689,0.5435546889488896,0.7445845162555214,0.6433105458572008,0.5420365754588763,0.5278986150376421,0.5241477272847301,0.40838068272920314,0.2243371217090464,0.040293560688889674,0.1582031253645797,0.36075106616121655,0.08102509000239189,0.021639737076939003
210,233,0.006510416821702725,0.02318102923294918,0.04351325775179837,0.06551846594870026,0.08752367414560092,0.6050692450626962,0.4640151520512801,0.021431108228659235,0.2824928985887689,0.5435546889488896,0.7445845162555214,0.6433105458572008,0.5420365754588763,0.5278986150376421,0.5241477272847301,0.40838068272920314,0.2243371217090464,0.040293560688889674,0.1582031253645797,0.36075106616121655,0.08102509000239189,0.021639737076939003,0.005385889975974334,0.4045434828054404
212,235,0.04351325775179837,0.06551846594870026,0.08752367414560092,0.6050692450626962,0.4640151520512801,0.021431108228659235,0.2824928985887689,0.5435546889488896,0.7445845162555214,0.6433105458572008,0.5420365754588763,0.5278986150376421,0.5241477272847301,0.40838068272920314,0.2243371217090464,0.040293560688889674,0.1582031253645797,0.36075106616121655,0.08102509000239189,0.021639737076939003,0.005385889975974334,0.4045434828054404,0.3028527470968354,0.20116201138823442
214,237,0.08752367414560092,0.6050692450626962,0.4640151520512801,0.021431108228659235,0.2824928985887689,0.5435546889488896,0.7445845162555214,0.6433105458572008,0.5420365754588763,0.5278986150376421,0.5241477272847301,0.40838068272920314,0.2243371217090464,0.040293560688889674,0.1582031253645797,0.36075106616121655,0.08102509000239189,0.021639737076939003,0.005385889975974334,0.4045434828054404,0.3028527470968354,0.20116201138823442,0.09947127567963365,0.24476207336626232
216,239,0.4640151520512801,0.021431108228659235,0.2824928985887689,0.5435546889488896,0.7445845162555214,0.6433105458572008,0.5420365754588763,0.5278986150376421,0.5241477272847301,0.40838068272920314,0.2243371217090464,0.040293560688889674,0.1582031253645797,0.36075106616121655,0.08102509000239189,0.021639737076939003,0.005385889975974334,0.4045434828054404,0.3028527470968354,0.20116201138823442,0.09947127567963365,0.24476207336626232,0.03527462103809964,0.018525094671464237
218,241,0.2824928985887689,0.5435546889488896,0.7445845162555214,0.6433105458572008,0.5420365754588763,0.5278986150376421,0.5241477272847301,0.40838068272920314,0.2243371217090464,0.040293560688889674,0.1582031253645797,0.36075106616121655,0.08102509000239189,0.021639737076939003,0.005385889975974334,0.4045434828054404,0.3028527470968354,0.20116201138823442,0.09947127567963365,0.24476207336626232,0.03527462103809964,0.018525094671464237,0.06072443206423861,0.11198656522882056
220,243,0.7445845162555214,0.6433105458572008,0.5420365754588763,0.5278986150376421,0.5241477272847301,0.40838068272920314,0.2243371217090464,0.040293560688889674,0.1582031253645797,0.36075106616121655,0.08102509000239189,0.021639737076939003,0.005385889975974334,0.4045434828054404,0.3028527470968354,0.20116201138823442,0.09947127567963365,0.24476207336626232,0.03527462103809964,0.018525094671464237,0.06072443206423861,0.11198656522882056,0.26040187095983836,0.4792036565463591
222,245,0.5420365754588763,0.5278986150376421,0.5241477272847301,0.40838068272920314,0.2243371217090464,0.040293560688889674,0.1582031253645797,0.36075106616121655,0.08102509000239189,0.021639737076939003,0.005385889975974334,0.4045434828054404,0.3028527470968354,0.20116201138823442,0.09947127567963365,0.24476207336626232,0.03527462103809964,0.018525094671464237,0.06072443206423861,0.11198656522882056,0.26040187095983836,0.4792036565463591,0.31060607121659145,0.06381687947641135
224,247,0.5241477272847301,0.40838068272920314,0.2243371217090464,0.040293560688889674,0.1582031253645797,0.36075106616121655,0.08102509000239189,0.021639737076939003,0.005385889975974334,0.4045434828054404,0.3028527470968354,0.20116201138823442,0.09947127567963365,0.24476207336626232,0.03527462103809964,0.018525094671464237,0.06072443206423861,0.11198656522882056,0.26040187095983836,0.4792036565463591,0.31060607121659145,0.06381687947641135,0.09632457367834268,0.3707978200717421
226,249,0.2243371217090464,0.040293560688889674,0.1582031253645797,0.36075106616121655,0.08102509000239189,0.021639737076939003,0.005385889975974334,0.4045434828054404,0.3028527470968354,0.20116201138823442,0.09947127567963365,0.24476207336626232,0.03527462103809964,0.018525094671464237,0.06072443206423861,0.11198656522882056,0.26040187095983836,0.4792036565463591,0.31060607121659145,0.06381687947641135,0.09632457367834268,0.3707978200717421,0.3419575237896544,0.24836394494041425
228,251,0.1582031253645797,0.36075106616121655,0.08102509000239189,0.021639737076939003,0.005385889975974334,0.4045434828054404,0.3028527470968354,0.20116201138823442,0.09947127567963365,0.24476207336626232,0.03527462103809964,0.018525094671464237,0.06072443206423861,0.11198656522882056,0.26040187095983836,0.4792036565463591,0.31060607121659145,0.06381687947641135,0.09632457367834268,0.3707978200717421,0.3419575237896544,0.24836394494041425,0.15477036609117834,0.0611767872419422
230,253,0.08102509000239189,0.021639737076939003,0.005385889975974334,0.4045434828054404,0.3028527470968354,0.20116201138823442,0.09947127567963365,0.24476207336626232,0.03527462103809964,0.018525094671464237,0.06072443206423861,0.11198656522882056,0.26040187095983836,0.4792036565463591,0.31060607121659145,0.06381687947641135,0.09632457367834268,0.3707978200717421,0.3419575237896544,0.24836394494041425,0.15477036609117834,0.0611767872419422,0.448686108536819,0.29706239863388806
232,255,0.005385889975974334,0.4045434828054404,0.3028527470968354,0.20116201138823442,0.09947127567963365,0.24476207336626232,0.03527462103809964,0.018525094671464237,0.06072443206423861,0.11198656522882056,0.26040187095983836,0.4792036565463591,0.31060607121659145,0.06381687947641135,0.09632457367834268,0.3707978200717421,0.3419575237896544,0.24836394494041425,0.15477036609117834,0.0611767872419422,0.448686108536819,0.29706239863388806,0.05894888135252718,0.32445549237623106
234,257,0.3028527470968354,0.20116201138823442,0.09947127567963365,0.24476207336626232,0.03527462103809964,0.018525094671464237,0.06072443206423861,0.11198656522882056,0.26040187095983836,0.4792036565463591,0.31060607121659145,0.06381687947641135,0.09632457367834268,0.3707978200717421,0.3419575237896544,0.24836394494041425,0.15477036609117834,0.0611767872419422,0.448686108536819,0.29706239863388806,0.05894888135252718,0.32445549237623106,0.3311237370589959,0.18102903536908022
236,259,0.09947127567963365,0.24476207336626232,0.03527462103809964,0.018525094671464237,0.06072443206423861,0.11198656522882056,0.26040187095983836,0.4792036565463591,0.31060607121659145,0.06381687947641135,0.09632457367834268,0.3707978200717421,0.3419575237896544,0.24836394494041425,0.15477036609117834,0.0611767872419422,0.448686108536819,0.29706239863388806,0.05894888135252718,0.32445549237623106,0.3311237370589959,0.18102903536908022,0.03138318580693755,0.1926713540713183
238,261,0.03527462103809964,0.018525094671464237,0.06072443206423861,0.11198656522882056,0.26040187095983836,0.4792036565463591,0.31060607121659145,0.06381687947641135,0.09632457367834268,0.3707978200717421,0.3419575237896544,0.24836394494041425,0.15477036609117834,0.0611767872419422,0.448686108536819,0.29706239863388806,0.05894888135252718,0.32445549237623106,0.3311237370589959,0.18102903536908022,0.03138318580693755,0.1926713540713183,0.35395952233569883,0.39737215894687505
240,263,0.06072443206423861,0.11198656522882056,0.26040187095983836,0.4792036565463591,0.31060607121659145,0.06381687947641135,0.09632457367834268,0.3707978200717421,0.3419575237896544,0.24836394494041425,0.15477036609117834,0.0611767872419422,0.448686108536819,0.29706239863388806,0.05894888135252718,0.32445549237623106,0.3311237370589959,0.18102903536908022,0.03138318580693755,0.1926713540713183,0.35395952233569883,0.39737215894687505,0.3757102414360838,0.07563923071166034
242,265,0.26040187095983836,0.4792036565463591,0.31060607121659145,0.06381687947641135,0.09632457367834268,0.3707978200717421,0.3419575237896544,0.24836394494041425,0.15477036609117834,0.0611767872419422,0.448686108536819,0.29706239863388806,0.05894888135252718,0.32445549237623106,0.3311237370589959,0.18102903536908022,0.03138318580693755,0.1926713540713183,0.35395952233569883,0.39737215894687505,0.3757102414360838,0.07563923071166034,0.1807528498121982,0.20552197663191363
244,267,0.31060607121659145,0.06381687947641135,0.09632457367834268,0.3707978200717421,0.3419575237896544,0.24836394494041425,0.15477036609117834,0.0611767872419422,0.448686108536819,0.29706239863388806,0.05894888135252718,0.32445549237623106,0.3311237370589959,0.18102903536908022,0.03138318580693755,0.1926713540713183,0.35395952233569883,0.39737215894687505,0.3757102414360838,0.07563923071166034,0.1807528498121982,0.20552197663191363,0.3056640740647216,0.26566939149109103
246,269,0.09632457367834268,0.3707978200717421,0.3419575237896544,0.24836394494041425,0.15477036609117834,0.0611767872419422,0.448686108536819,0.29706239863388806,0.05894888135252718,0.32445549237623106,0.3311237370589959,0.18102903536908022,0.03138318580693755,0.1926713540713183,0.35395952233569883,0.39737215894687505,0.3757102414360838,0.07563923071166034,0.1807528498121982,0.20552197663191363,0.3056640740647216,0.26566939149109103,0.12689393561704332,0.28886273012207275
248,271,0.3419575237896544,0.24836394494041425,0.15477036609117834,0.0611767872419422,0.448686108536819,0.29706239863388806,0.05894888135252718,0.32445549237623106,0.3311237370589959,0.18102903536908022,0.03138318580693755,0.1926713540713183,0.35395952233569883,0.39737215894687505,0.3757102414360838,0.07563923071166034,0.1807528498121982,0.20552197663191363,0.3056640740647216,0.26566939149109103,0.12689393561704332,0.28886273012207275,0.6301935408741877,0.9055988673118245
250,273,0.15477036609117834,0.0611767872419422,0.448686108536819,0.29706239863388806,0.05894888135252718,0.32445549237623106,0.3311237370589959,0.18102903536908022,0.03138318580693755,0.1926713540713183,0.35395952233569883,0.39737215894687505,0.3757102414360838,0.07563923071166034,0.1807528498121982,0.20552197663191363,0.3056640740647216,0.26566939149109103,0.12689393561704332,0.28886273012207275,0.6301935408741877,0.9055988673118245,0.22301136196316995,0.17199929014001514
252,275,0.448686108536819,0.29706239863388806,0.05894888135252718,0.32445549237623106,0.3311237370589959,0.18102903536908022,0.03138318580693755,0.1926713540713183,0.35395952233569883,0.39737215894687505,0.3757102414360838,0.07563923071166034,0.1807528498121982,0.20552197663191363,0.3056640740647216,0.26566939149109103,0.12689393561704332,0.28886273012207275,0.6301935408741877,0.9055988673118245,0.22301136196316995,0.17199929014001514,0.12098721831686232,0.2645522556806237
254,277,0.05894888135252718,0.32445549237623106,0.3311237370589959,0.18102903536908022,0.03138318580693755,0.1926713540713183,0.35395952233569883,0.39737215894687505,0.3757102414360838,0.07563923071166034,0.1807528498121982,0.20552197663191363,0.3056640740647216,0.26566939149109103,0.12689393561704332,0.28886273012207275,0.6301935408741877,0.9055988673118245,0.22301136196316995,0.17199929014001514,0.12098721831686232,0.2645522556806237,0.5208629377472305,0.6531977073990909
256,279,0.3311237370589959,0.18102903536908022,0.03138318580693755,0.1926713540713183,0.35395952233569883,0.39737215894687505,0.3757102414360838,0.07563923071166034,0.1807528498121982,0.20552197663191363,0.3056640740647216,0.26566939149109103,0.12689393561704332,0.28886273012207275,0.6301935408741877,0.9055988673118245,0.22301136196316995,0.17199929014001514,0.12098721831686232,0.2645522556806237,0.5208629377472305,0.6531977073990909,0.5660342233315183,0.4788707392639422
258,281,0.03138318580693755,0.1926713540713183,0.35395952233569883,0.39737215894687505,0.3757102414360838,0.07563923071166034,0.1807528498121982,0.20552197663191363,0.3056640740647216,0.26566939149109103,0.12689393561704332,0.28886273012207275,0.6301935408741877,0.9055988673118245,0.22301136196316995,0.17199929014001514,0.12098721831686232,0.2645522556806237,0.5208629377472305,0.6531977073990909,0.5660342233315183,0.4788707392639422,0.3917072551963696,0.08557498915283279
260,283,0.35395952233569883,0.39737215894687505,0.3757102414360838,0.07563923071166034,0.1807528498121982,0.20552197663191363,0.3056640740647216,0.26566939149109103,0.12689393561704332,0.28886273012207275,0.6301935408741877,0.9055988673118245,0.22301136196316995,0.17199929014001514,0.12098721831686232,0.2645522556806237,0.5208629377472305,0.6531977073990909,0.5660342233315183,0.4788707392639422,0.3917072551963696,0.08557498915283279,0.06431995698145554,0.29462592803722587
262,285,0.3757102414360838,0.07563923071166034,0.1807528498121982,0.20552197663191363,0.3056640740647216,0.26566939149109103,0.12689393561704332,0.28886273012207275,0.6301935408741877,0.9055988673118245,0.22301136196316995,0.17199929014001514,0.12098721831686232,0.2645522556806237,0.5208629377472305,0.6531977073990909,0.5660342233315183,0.4788707392639422,0.3917072551963696,0.08557498915283279,0.06431995698145554,0.29462592803722587,0.03456438540939244,0.2713290109926587
264,287,0.1807528498121982,0.20552197663191363,0.3056640740647216,0.26566939149109103,0.12689393561704332,0.28886273012207275,0.6301935408741877,0.9055988673118245,0.22301136196316995,0.17199929014001514,0.12098721831686232,0.2645522556806237,0.5208629377472305,0.6531977073990909,0.5660342233315183,0.4788707392639422,0.3917072551963696,0.08557498915283279,0.06431995698145554,0.29462592803722587,0.03456438540939244,0.2713290109926587,0.5201378907183314,0.45993134996122564
266,289,0.3056640740647216,0.26566939149109103,0.12689393561704332,0.28886273012207275,0.6301935408741877,0.9055988673118245,0.22301136196316995,0.17199929014001514,0.12098721831686232,0.2645522556806237,0.5208629377472305,0.6531977073990909,0.5660342233315183,0.4788707392639422,0.3917072551963696,0.08557498915283279,0.06431995698145554,0.29462592803722587,0.03456438540939244,0.2713290109926587,0.5201378907183314,0.45993134996122564,0.2698863604436108,0.07984137092600396
268,291,0.12689393561704332,0.28886273012207275,0.6301935408741877,0.9055988673118245,0.22301136196316995,0.17199929014001514,0.12098721831686232,0.2645522556806237,0.5208629377472305,0.6531977073990909,0.5660342233315183,0.4788707392639422,0.3917072551963696,0.08557498915283279,0.06431995698145554,0.29462592803722587,0.03456438540939244,0.2713290109926587,0.5201378907183314,0.45993134996122564,0.2698863604436108,0.07984137092600396,0.24222978258029748,0.4601384927492358
270,293,0.6301935408741877,0.9055988673118245,0.22301136196316995,0.17199929014001514,0.12098721831686232,0.2645522556806237,0.5208629377472305,0.6531977073990909,0.5660342233315183,0.4788707392639422,0.3917072551963696,0.08557498915283279,0.06431995698145554,0.29462592803722587,0.03456438540939244,0.2713290109926587,0.5201378907183314,0.45993134996122564,0.2698863604436108,0.07984137092600396,0.24222978258029748,0.4601384927492358,0.678047202918165,0.8959559130870938
272,295,0.22301136196316995,0.17199929014001514,0.12098721831686232,0.2645522556806237,0.5208629377472305,0.6531977073990909,0.5660342233315183,0.4788707392639422,0.3917072551963696,0.08557498915283279,0.06431995698145554,0.29462592803722587,0.03456438540939244,0.2713290109926587,0.5201378907183314,0.45993134996122564,0.2698863604436108,0.07984137092600396,0.24222978258029748,0.4601384927492358,0.678047202918165,0.8959559130870938,0.27112926591504816,0.23056410885725165
274,297,0.12098721831686232,0.2645522556806237,0.5208629377472305,0.6531977073990909,0.5660342233315183,0.4788707392639422,0.3917072551963696,0.08557498915283279,0.06431995698145554,0.29462592803722587,0.03456438540939244,0.2713290109926587,0.5201378907183314,0.45993134996122564,0.2698863604436108,0.07984137092600396,0.24222978258029748,0.4601384927492358,0.678047202918165,0.8959559130870938,0.27112926591504816,0.23056410885725165,0.18999895179945536,0.14943379474165708
276,299,0.5208629377472305,0.6531977073990909,0.5660342233315183,0.4788707392639422,0.3917072551963696,0.08557498915283279,0.06431995698145554,0.29462592803722587,0.03456438540939244,0.2713290109926587,0.5201378907183314,0.45993134996122564,0.2698863604436108,0.07984137092600396,0.24222978258029748,0.4601384927492358,0.678047202918165,0.8959559130870938,0.27112926591504816,0.23056410885725165,0.18999895179945536,0.14943379474165708,0.10886863768386079,0.10337505077301645
278,301,0.5660342233315183,0.4788707392639422,0.3917072551963696,0.08557498915283279,0.06431995698145554,0.29462592803722587,0.03456438540939244,0.2713290109926587,0.5201378907183314,0.45993134996122564,0.2698863604436108,0.07984137092600396,0.24222978258029748,0.4601384927492358,0.678047202918165,0.8959559130870938,0.27112926591504816,0.23056410885725165,0.18999895179945536,0.14943379474165708,0.10886863768386079,0.10337505077301645,0.23215553981136017,0.3609360288496981
280,303,0.3917072551963696,0.08557498915283279,0.06431995698145554,0.29462592803722587,0.03456438540939244,0.2713290109926587,0.5201378907183314,0.45993134996122564,0.2698863604436108,0.07984137092600396,0.24222978258029748,0.4601384927492358,0.678047202918165,0.8959559130870938,0.27112926591504816,0.23056410885725165,0.18999895179945536,0.14943379474165708,0.10886863768386079,0.10337505077301645,0.23215553981136017,0.3609360288496981,0.25242660574751996,0.1273970179456696
282,305,0.06431995698145554,0.29462592803722587,0.03456438540939244,0.2713290109926587,0.5201378907183314,0.45993134996122564,0.2698863604436108,0.07984137092600396,0.24222978258029748,0.4601384927492358,0.678047202918165,0.8959559130870938,0.27112926591504816,0.23056410885725165,0.18999895179945536,0.14943379474165708,0.10886863768386079,0.10337505077301645,0.23215553981136017,0.3609360288496981,0.25242660574751996,0.1273970179456696,0.04711172601834879,0.3946939801074727
284,307,0.03456438540939244,0.2713290109926587,0.5201378907183314,0.45993134996122564,0.2698863604436108,0.07984137092600396,0.24222978258029748,0.4601384927492358,0.678047202918165,0.8959559130870938,0.27112926591504816,0.23056410885725165,0.18999895179945536,0.14943379474165708,0.10886863768386079,0.10337505077301645,0.23215553981136017,0.3609360288496981,0.25242660574751996,0.1273970179456696,0.04711172601834879,0.3946939801074727,0.18856533911466866,0.10739230804708222
286,309,0.5201378907183314,0.45993134996122564,0.2698863604436108,0.07984137092600396,0.24222978258029748,0.4601384927492358,0.678047202918165,0.8959559130870938,0.27112926591504816,0.23056410885725165,0.18999895179945536,0.14943379474165708,0.10886863768386079,0.10337505077301645,0.23215553981136017,0.3609360288496981,0.25242660574751996,0.1273970179456696,0.04711172601834879,0.3946939801074727,0.18856533911466866,0.10739230804708222,0.38523910008818807,0.08766868111978865
288,311,0.2698863604436108,0.07984137092600396,0.24222978258029748,0.4601384927492358,0.678047202918165,0.8959559130870938,0.27112926591504816,0.23056410885725165,0.18999895179945536,0.14943379474165708,0.10886863768386079,0.10337505077301645,0.23215553981136017,0.3609360288496981,0.25242660574751996,0.1273970179456696,0.04711172601834879,0.3946939801074727,0.18856533911466866,0.10739230804708222,0.38523910008818807,0.08766868111978865,0.22877604700212406,0.3778113282554052
290,313,0.24222978258029748,0.4601384927492358,0.678047202918165,0.8959559130870938,0.27112926591504816,0.23056410885725165,0.18999895179945536,0.14943379474165708,0.10886863768386079,0.10337505077301645,0.23215553981136017,0.3609360288496981,0.25242660574751996,0.1273970179456696,0.04711172601834879,0.3946939801074727,0.18856533911466866,0.10739230804708222,0.38523910008818807,0.08766868111978865,0.22877604700212406,0.3778113282554052,0.5149147800610072,0.5799301657179661
292,315,0.678047202918165,0.8959559130870938,0.27112926591504816,0.23056410885725165,0.18999895179945536,0.14943379474165708,0.10886863768386079,0.10337505077301645,0.23215553981136017,0.3609360288496981,0.25242660574751996,0.1273970179456696,0.04711172601834879,0.3946939801074727,0.18856533911466866,0.10739230804708222,0.38523910008818807,0.08766868111978865,0.22877604700212406,0.3778113282554052,0.5149147800610072,0.5799301657179661,0.41814632601069235,0.7696052293491566
294,317,0.27112926591504816,0.23056410885725165,0.18999895179945536,0.14943379474165708,0.10886863768386079,0.10337505077301645,0.23215553981136017,0.3609360288496981,0.25242660574751996,0.1273970179456696,0.04711172601834879,0.3946939801074727,0.18856533911466866,0.10739230804708222,0.38523910008818807,0.08766868111978865,0.22877604700212406,0.3778113282554052,0.5149147800610072,0.5799301657179661,0.41814632601069235,0.7696052293491566,0.5803937731520572,0.3911823169549582
296,319,0.18999895179945536,0.14943379474165708,0.10886863768386079,0.10337505077301645,0.23215553981136017,0.3609360288496981,0.25242660574751996,0.1273970179456696,0.04711172601834879,0.3946939801074727,0.18856533911466866,0.10739230804708222,0.38523910008818807,0.08766868111978865,0.22877604700212406,0.3778113282554052,0.5149147800610072,0.5799301657179661,0.41814632601069235,0.7696052293491566,0.5803937731520572,0.3911823169549582,0.20197086075785142,0.46556879679370544
298,321,0.10886863768386079,0.10337505077301645,0.23215553981136017,0.3609360288496981,0.25242660574751996,0.1273970179456696,0.04711172601834879,0.3946939801074727,0.18856533911466866,0.10739230804708222,0.38523910008818807,0.08766868111978865,0.22877604700212406,0.3778113282554052,0.5149147800610072,0.5799301657179661,0.41814632601069235,0.7696052293491566,0.5803937731520572,0.3911823169549582,0.20197086075785142,0.46556879679370544,0.19602271226320012,0.05302290447846092
300,323,0.23215553981136017,0.3609360288496981,0.25242660574751996,0.1273970179456696,0.04711172601834879,0.3946939801074727,0.18856533911466866,0.10739230804708222,0.38523910008818807,0.08766868111978865,0.22877604700212406,0.3778113282554052,0.5149147800610072,0.5799301657179661,0.41814632601069235,0.7696052293491566,0.5803937731520572,0.3911823169549582,0.20197086075785142,0.46556879679370544,0.19602271226320012,0.05302290447846092,0.10178444372118056,0.2653438354454041
302,325,0.25242660574751996,0.1273970179456696,0.04711172601834879,0.3946939801074727,0.18856533911466866,0.10739230804708222,0.38523910008818807,0.08766868111978865,0.22877604700212406,0.3778113282554052,0.5149147800610072,0.5799301657179661,0.41814632601069235,0.7696052293491566,0.5803937731520572,0.3911823169549582,0.20197086075785142,0.46556879679370544,0.19602271226320012,0.05302290447846092,0.10178444372118056,0.2653438354454041,0.5539772772163354,0.513967806302412
304,327,0.04711172601834879,0.3946939801074727,0.18856533911466866,0.10739230804708222,0.38523910008818807,0.08766868111978865,0.22877604700212406,0.3778113282554052,0.5149147800610072,0.5799301657179661,0.41814632601069235,0.7696052293491566,0.5803937731520572,0.3911823169549582,0.20197086075785142,0.46556879679370544,0.19602271226320012,0.05302290447846092,0.10178444372118056,0.2653438354454041,0.5539772772163354,0.513967806302412,0.47395833538848864,0.43394886447456305
306,329,0.18856533911466866,0.10739230804708222,0.38523910008818807,0.08766868111978865,0.22877604700212406,0.3778113282554052,0.5149147800610072,0.5799301657179661,0.41814632601069235,0.7696052293491566,0.5803937731520572,0.3911823169549582,0.20197086075785142,0.46556879679370544,0.19602271226320012,0.05302290447846092,0.10178444372118056,0.2653438354454041,0.5539772772163354,0.513967806302412,0.47395833538848864,0.43394886447456305,0.4563210209568529,0.036967313959156645
308,331,0.38523910008818807,0.08766868111978865,0.22877604700212406,0.3778113282554052,0.5149147800610072,0.5799301657179661,0.41814632601069235,0.7696052293491566,0.5803937731520572,0.3911823169549582,0.20197086075785142,0.46556879679370544,0.19602271226320012,0.05302290447846092,0.10178444372118056,0.2653438354454041,0.5539772772163354,0.513967806302412,0.47395833538848864,0.43394886447456305,0.4563210209568529,0.036967313959156645,0.2350141977722442,0.4330610815853231
310,333,0.22877604700212406,0.3778113282554052,0.5149147800610072,0.5799301657179661,0.41814632601069235,0.7696052293491566,0.5803937731520572,0.3911823169549582,0.20197086075785142,0.46556879679370544,0.19602271226320012,0.05302290447846092,0.10178444372118056,0.2653438354454041,0.5539772772163354,0.513967806302412,0.47395833538848864,0.43394886447456305,0.4563210209568529,0.036967313959156645,0.2350141977722442,0.4330610815853231,0.506194750860183,0.2244614130133371
312,335,0.5149147800610072,0.5799301657179661,0.41814632601069235,0.7696052293491566,0.5803937731520572,0.3911823169549582,0.20197086075785142,0.46556879679370544,0.19602271226320012,0.05302290447846092,0.10178444372118056,0.2653438354454041,0.5539772772163354,0.513967806302412,0.47395833538848864,0.43394886447456305,0.4563210209568529,0.036967313959156645,0.2350141977722442,0.4330610815853231,0.506194750860183,0.2244614130133371,0.20513730163593258,0.3951822750947378
314,337,0.41814632601069235,0.7696052293491566,0.5803937731520572,0.3911823169549582,0.20197086075785142,0.46556879679370544,0.19602271226320012,0.05302290447846092,0.10178444372118056,0.2653438354454041,0.5539772772163354,0.513967806302412,0.47395833538848864,0.43394886447456305,0.4563210209568529,0.036967313959156645,0.2350141977722442,0.4330610815853231,0.506194750860183,0.2244614130133371,0.20513730163593258,0.3951822750947378,0.3366477322059118,0.3425663082676029
316,339,0.5803937731520572,0.3911823169549582,0.20197086075785142,0.46556879679370544,0.19602271226320012,0.05302290447846092,0.10178444372118056,0.2653438354454041,0.5539772772163354,0.513967806302412,0.47395833538848864,0.43394886447456305,0.4563210209568529,0.036967313959156645,0.2350141977722442,0.4330610815853231,0.506194750860183,0.2244614130133371,0.20513730163593258,0.3951822750947378,0.3366477322059118,0.3425663082676029,0.3478485968631999,0.15405273577033118
318,341,0.20197086075785142,0.46556879679370544,0.19602271226320012,0.05302290447846092,0.10178444372118056,0.2653438354454041,0.5539772772163354,0.513967806302412,0.47395833538848864,0.43394886447456305,0.4563210209568529,0.036967313959156645,0.2350141977722442,0.4330610815853231,0.506194750860183,0.2244614130133371,0.20513730163593258,0.3951822750947378,0.3366477322059118,0.3425663082676029,0.3478485968631999,0.15405273577033118,0.020912247317377064,0.02424636965875926
320,343,0.19602271226320012,0.05302290447846092,0.10178444372118056,0.2653438354454041,0.5539772772163354,0.513967806302412,0.47395833538848864,0.43394886447456305,0.4563210209568529,0.036967313959156645,0.2350141977722442,0.4330610815853231,0.506194750860183,0.2244614130133371,0.20513730163593258,0.3951822750947378,0.3366477322059118,0.3425663082676029,0.3478485968631999,0.15405273577033118,0.020912247317377064,0.02424636965875926,0.17690578122860434,0.06521266706217688
322,345,0.10178444372118056,0.2653438354454041,0.5539772772163354,0.513967806302412,0.47395833538848864,0.43394886447456305,0.4563210209568529,0.036967313959156645,0.2350141977722442,0.4330610815853231,0.506194750860183,0.2244614130133371,0.20513730163593258,0.3951822750947378,0.3366477322059118,0.3425663082676029,0.3478485968631999,0.15405273577033118,0.020912247317377064,0.02424636965875926,0.17690578122860434,0.06521266706217688,0.5292613669827491,0.6312855106290594
324,347,0.5539772772163354,0.513967806302412,0.47395833538848864,0.43394886447456305,0.4563210209568529,0.036967313959156645,0.2350141977722442,0.4330610815853231,0.506194750860183,0.2244614130133371,0.20513730163593258,0.3951822750947378,0.3366477322059118,0.3425663082676029,0.3478485968631999,0.15405273577033118,0.020912247317377064,0.02424636965875926,0.17690578122860434,0.06521266706217688,0.5292613669827491,0.6312855106290594,0.690873608580354,0.0757280365952624
326,349,0.47395833538848864,0.43394886447456305,0.4563210209568529,0.036967313959156645,0.2350141977722442,0.4330610815853231,0.506194750860183,0.2244614130133371,0.20513730163593258,0.3951822750947378,0.3366477322059118,0.3425663082676029,0.3478485968631999,0.15405273577033118,0.020912247317377064,0.02424636965875926,0.17690578122860434,0.06521266706217688,0.5292613669827491,0.6312855106290594,0.690873608580354,0.0757280365952624,0.32694128878433215,0.5167692341762391
328,351,0.4563210209568529,0.036967313959156645,0.2350141977722442,0.4330610815853231,0.506194750860183,0.2244614130133371,0.20513730163593258,0.3951822750947378,0.3366477322059118,0.3425663082676029,0.3478485968631999,0.15405273577033118,0.020912247317377064,0.02424636965875926,0.17690578122860434,0.06521266706217688,0.5292613669827491,0.6312855106290594,0.690873608580354,0.0757280365952624,0.32694128878433215,0.5167692341762391,0.23003471281733834,0.9096235680947395
330,353,0.2350141977722442,0.4330610815853231,0.506194750860183,0.2244614130133371,0.20513730163593258,0.3951822750947378,0.3366477322059118,0.3425663082676029,0.3478485968631999,0.15405273577033118,0.020912247317377064,0.02424636965875926,0.17690578122860434,0.06521266706217688,0.5292613669827491,0.6312855106290594,0.690873608580354,0.0757280365952624,0.32694128878433215,0.5167692341762391,0.23003471281733834,0.9096235680947395,0.46401517795342606,0.045232598046051176
332,355,0.506194750860183,0.2244614130133371,0.20513730163593258,0.3951822750947378,0.3366477322059118,0.3425663082676029,0.3478485968631999,0.15405273577033118,0.020912247317377064,0.02424636965875926,0.17690578122860434,0.06521266706217688,0.5292613669827491,0.6312855106290594,0.690873608580354,0.0757280365952624,0.32694128878433215,0.5167692341762391,0.23003471281733834,0.9096235680947395,0.46401517795342606,0.045232598046051176,0.06773792622750929,0.09024325440896663
334,357,0.20513730163593258,0.3951822750947378,0.3366477322059118,0.3425663082676029,0.3478485968631999,0.15405273577033118,0.020912247317377064,0.02424636965875926,0.17690578122860434,0.06521266706217688,0.5292613669827491,0.6312855106290594,0.690873608580354,0.0757280365952624,0.32694128878433215,0.5167692341762391,0.23003471281733834,0.9096235680947395,0.46401517795342606,0.045232598046051176,0.06773792622750929,0.09024325440896663,0.48401989965075565,0.6693892075701797
336,359,0.3366477322059118,0.3425663082676029,0.3478485968631999,0.15405273577033118,0.020912247317377064,0.02424636965875926,0.17690578122860434,0.06521266706217688,0.5292613669827491,0.6312855106290594,0.690873608580354,0.0757280365952624,0.32694128878433215,0.5167692341762391,0.23003471281733834,0.9096235680947395,0.46401517795342606,0.045232598046051176,0.06773792622750929,0.09024325440896663,0.48401989965075565,0.6693892075701797,0.2492897925559765,0.2930574930847132
338,361,0.3478485968631999,0.15405273577033118,0.020912247317377064,0.02424636965875926,0.17690578122860434,0.06521266706217688,0.5292613669827491,0.6312855106290594,0.690873608580354,0.0757280365952624,0.32694128878433215,0.5167692341762391,0.23003471281733834,0.9096235680947395,0.46401517795342606,0.045232598046051176,0.06773792622750929,0.09024325440896663,0.48401989965075565,0.6693892075701797,0.2492897925559765,0.2930574930847132,0.48934659662244595,0.40432646494352364
340,363,0.020912247317377064,0.02424636965875926,0.17690578122860434,0.06521266706217688,0.5292613669827491,0.6312855106290594,0.690873608580354,0.0757280365952624,0.32694128878433215,0.5167692341762391,0.23003471281733834,0.9096235680947395,0.46401517795342606,0.045232598046051176,0.06773792622750929,0.09024325440896663,0.48401989965075565,0.6693892075701797,0.2492897925559765,0.2930574930847132,0.48934659662244595,0.40432646494352364,0.054302803320907644,0.3416193201982993
342,365,0.17690578122860434,0.06521266706217688,0.5292613669827491,0.6312855106290594,0.690873608580354,0.0757280365952624,0.32694128878433215,0.5167692341762391,0.23003471281733834,0.9096235680947395,0.46401517795342606,0.045232598046051176,0.06773792622750929,0.09024325440896663,0.48401989965075565,0.6693892075701797,0.2492897925559765,0.2930574930847132,0.48934659662244595,0.40432646494352364,0.054302803320907644,0.3416193201982993,0.0615530435221705,0.041637074418266806
344,367,0.5292613669827491,0.6312855106290594,0.690873608580354,0.0757280365952624,0.32694128878433215,0.5167692341762391,0.23003471281733834,0.9096235680947395,0.46401517795342606,0.045232598046051176,0.06773792622750929,0.09024325440896663,0.48401989965075565,0.6693892075701797,0.2492897925559765,0.2930574930847132,0.48934659662244595,0.40432646494352364,0.054302803320907644,0.3416193201982993,0.0615530435221705,0.041637074418266806,0.10147375177204299,0.3690370696679972
